w,Queries,Proof,References,Query For,Answered,#Comments,Response,Status
25/09/2026,Could you please provide the relevant bank statements or supporting transaction records to substantiate these internal bank transfers and capital deposits? As shown in proof screenshot,https://www.awesomescreenshot.com/image/63890053?key=c750626e4609fc60f30bbb8fd3ce79bb,,Krutarth,Kunal,"please share the bcb statements for 73 broadway 
",Krutarth will send these over,Resolved
25/09/2026,"What supporting documentation explains the deposits from an external entity or project, specifically 161 Woodlawn, into this project's bank account? Is there an audit trail documenting the transfer of funds between distinct projects?",https://www.awesomescreenshot.com/image/63890941?key=d61f84256ece5466f89abc29ebceafc2,,Kunal,Kunal," This Transaction happen in BCB Statements
bank statement ",These are short term loans from different projects that have to be paid back,Resolved
25/09/2026,"LAND ACQUISITION DOCUMENT 
Could you please clarify the $20,000 discrepancy between the $725,399.82 total reported in the Summary Expense Ledger and the $705,399.82 gross amount shown on the HUD-1 statement?","https://www.awesomescreenshot.com/image/63891471?key=bfff8f8d064489722b1e73ad526adba1


",https://docs.google.com/spreadsheets/d/13D3F_zPuz1bJ0QjE4JzlhqWww8aYerv9/edit?gid=1842647926#gid=1842647926,Kunal,Kunal,"IS THERE ANY DOCUMENT THAT SHOWS THE $20K
MONEY ADDED IN THE ORIGINAL DOCS 
ANY DOC CONTAINING THAT DIFFERENCE IN AMOUNT","The $20,000 was an error from the accounting of the attorney so it was adjusted",Resolved
25/09/2026,"What is the basis for recording $150,735.16 in Loan Payments as a negative amount, and what supporting transactions or accounting records substantiate this treatment?",https://www.awesomescreenshot.com/image/63891754?key=049911d12bf0c3ae2e6dcd55cebbed43,,Krutarth,Kunal,We got Money from KS investments but still not cleared form which bank,,Resolved
25/09/2026,"Over what specific monthly timeline, draw frequency, 
or interest period is Columbia Bank authorized to apply 
these funds against accrued monthly interest charges",https://www.awesomescreenshot.com/image/63892262?key=97d68b33f02a42110346cdff143eb245,,Kunal,Krutarth,"clarified the interest reserve are of two types 
1. the interest paid after the project has been completed 
2. the interest paid monthly.",The interest is calculated on every draw/ Its calculated on the full amount. But since we have interest reserves we are not paying interest here at the moment. They are deductin it from the interest reserves we winitially had at the closing,Resolved
25/09/2026,"Are all tax amounts deducted from the Total Settlement Charges of $853,726.40?
the amounts which are bieng charged in the loan document 
ex: Appraisal fee : $1,155.00
Tax service $ 161",73 Construction Loan,https://www.awesomescreenshot.com/image/63978987?key=f355cfbaa489e9c1805f8efc58b18d2b,Krutarth,Kunal,the tax and charges are paid after the end of the project after the units are sold ,Which tax amounts?,Resolved
25/09/2026,"Why is the initial loan escrow wire deposit ($342,518.60) $3,755.00 lower than the net borrower proceeds specified on Line 1604 of the HUD-1 statement ($346,273.60)
",https://www.awesomescreenshot.com/image/63893705?key=c77faf3e3653d2e8ea1ee5e614e2d46f,     ,Krutarth,Kunal,"
we need the bank statement or charges  showing the bank charges if there is any",the $3755 were the fees that were paid for those funds,Resolved
25/09/2026,"The itemized American Express statements verifying 
the $250,912.58 total are currently unprovided and missing from the reviewed document set 
BANK STATEMENT DATE 
02/23/2026: $182,747.12
05/18/2026: $35,366.04
06/22/2026: $32,799.42",https://www.awesomescreenshot.com/image/63894356?key=b93e48ad3b4520650dd3acc2068e6641,,Krutarth,Krutarth,"The $182,747.12 money was send by columbia bank and after that it was transfered from bcb through ks investment of 161989.
we need statements for knowing the flow of money",,Resolved
25/09/2026,Which statement or supporting financial record serves as the source for the transactions recorded in the “Partnership Ratio & Funding” sheet?,Partnership Ratio & Funding,,Kunal,Krutarth,RESOLVED,There is none at the moment,Resolved
25/09/2026,"Why does the April Labour Expenses record show multiple checks, while the corresponding bank statement reflects only one check?",https://www.awesomescreenshot.com/image/63895765?key=ff920915a453652f9425543d9a5770ab ,https://www.awesomescreenshot.com/image/63895778?key=e2872c2acddde43c29d5bccab596a023,Krutarth,Krutarth,WE NEED THE BCB STATEMENT TO SEE THE TRANSACTION,Because those labor checks are from a BCB bank account. The Colombia bank account is only for funding purposes. The operating account for all expenses is the BCB account,Resolved
25/09/2026,"$656,154.06 in recorded construction expenses listed only as lump-sum credit card payments, internal account debits, and 
check payments in the project ledger without supporting vendor invoices, trade division codes, or scopes of work?",https://www.awesomescreenshot.com/image/63897215?key=28e5f1a491358587caca04694f1849ef,https://docs.google.com/spreadsheets/d/13D3F_zPuz1bJ0QjE4JzlhqWww8aYerv9/edit?gid=1351569769#gid=1351569769,Krutarth,,"the amount which was noted by krutarth in the expense sheet  is from invoices and after that this amount was noted in expense sheet 
WE NEED THOSE INVOICES ",The vendor invoices are the charges on Amex. However we do not have receipts but for the project we can start retrieving those receipts ,Unresolved 
25/09/2026,"What are the complete construction phases from planning and pre construction through completion and unit delivery? At which phase is the initial project budget established, and at what point is the budget finalized or revised for loan approval?",,,Kunal,Kunal,,Phase 1. Aquisition of property in either cash or bank loan. #2. Getting the loan finalized. #3 applying permits #4 Construction begins #5 End of construction #6 Up for sale #7 Closing of individual units as condos,Resolved
25/09/2026,"What is the complete reconciliation and revision cycle from approved budget → draw → actual expenses → lender reconciliation → budget revision? After construction, how are units sold, customer details, fixture warranties, warranty periods, and post construction obligations recorded and linked to the respective units?",,,Kunal,Kunal,"recieved the draw sheet and the draw approval request form and has been discussed about the draw cycle in the meeting 
",,Resolved
25/09/2026,"What is the complete construction loan application and approval timeline, including the documents required at each stage? Which loan approval documents are received, who reviews them, and when does the approved loan amount and construction budget become the baseline for the project?",,,Kunal,,NEED SUPPORTING DOCUMENTS,,Unresolved 
28/09/2026,"Construction on the project began on July 7, 2025, but the construction loan wasn't approved until 2026. What funded the construction during the period before loan approval: was it a draw on the loan,self-funding (owner equity), or investor funding?",https://www.awesomescreenshot.com/image/63940888?key=5975cc1d403f87cfc67b2ad611096097,,Kunal,,"NEED SUPPORTING DOCUMENTS
STATEMENTS OF 2025 TRANSACTION AND IF 
INVESTORS FUND WAS USED THEN WE NEED THE BANK STATEMENT OF TRANSACTION DONE",,Unresolved 
28/09/2026,"Based on the Expense Sheet, the loan payment section is currently empty. Does this mean that no loan payments have been made to the bank yet? If so, is interest still being accrued on the amount drawn for each draw?",https://www.awesomescreenshot.com/image/63941051?key=c2910d46152405c6c0e736148e66b6f2,,Kunal,Kunal,,because they are using interest reserves,Resolved
28/09/2026,"At what stage of the project is the draw typically received before the project starts or during the construction phase?
THIS QUESTION IS IN GENERAL FOR ALL THE PROJECTS YOU ARE DOING ",,,Kunal,,,,Unresolved 
29/09/2026,List of all companies with account number owned by KS and also current projects,,,Krutarth,,NEED DOCUMENTS,,Unresolved 
29/09/26,"Why is this showing minus (-$15,000) so where it has been used? Personal or Project purpose",https://www.awesomescreenshot.com/image/63984982?key=c6ac1404714ca67a92ede922d0190708,https://docs.google.com/spreadsheets/d/13D3F_zPuz1bJ0QjE4JzlhqWww8aYerv9/edit?gid=1842647926#gid=1842647926,Kunal,,,,Unresolved 
29/09/26,"Please explain the investment formula from investors?
as asked by Kunal in Mail.",https://www.awesomescreenshot.com/image/63988044?key=1de097d021abef7482f03b3c0e1d87a5,,Krutarth,,,,Unresolved 
29/09/26,The Amount which is given to the company is this Draw Amount or Profit?,,,Krutarth,Krutarth,"It must be from draw,bank , partners begin money, take from one company and send to another company.",,Resolved
05/09/26,the investor investment formula?,,,Krutarth,,,,Pending 
06/10/26,"If a draw is partially approved and we receive only part of the requested amount, is it up to the owner/developer to accept or reject the partial funding? If they accept it, can they reapply for the remaining amount under the same draw, or would a new draw application be required? Also, at this stage, does the investor have any role or approval requirement?",,,Kunal,,,,Unresolved 
07/10/26,"Project Manager role in detailed need to know?
what work are they related with the constrcution work ",,,Kunal,,,,Unresolved 
07/10/26,the amahar loan sheet for 392 1st street contains the draw date of 2024 but the statement we have currently doesn't have any data of the draw send by bank ,https://www.awesomescreenshot.com/image/64215811?key=d68d257bd807c4e713ddf443b6bb9713,,Kunal,,,,Unresolved 
07/10/26,the statements shared of jc reality for the 73 broad way there are two statement which are empty please check and update it ,https://www.awesomescreenshot.com/image/64217753?key=0b6b49327e2eaf8a131ac03c323b31b0,,Kunal,,,,Unresolved 
07/10/26,,,,,,,,Unresolved 